{
  "scripts": {
    "docs:dev": "vitepress dev docs --open",
    "docs:build": "vitepress build docs",
    "docs:preview": "vitepress preview docs",
    "new:post": "node scripts/new-post.mjs",
    "new:local": "node scripts/new-post-local.mjs",
    "post:local": "npm run new:local && npm run docs:build && npm run docs:preview",
    "post:promote": "node scripts/post-promote.mjs",
    "post:archive": "node scripts/post-archive.mjs",
    "post:remove": "node scripts/post-remove.mjs",
    "docs:aliases": "node scripts/gen-alias-redirects.mjs",
    "deploy:local": "node scripts/deploy-local.mjs"
  }
}